product_id,product_name,price,category,brand,stock_quantity,release_date
1,Rev,336.45,beauty,Quaxo,670,12/3/2021
2,Mr,348.57,toys,Babblestorm,514,2/25/2015
3,Mrs,242.05,clothing,Skimia,308,10/21/2022
4,Honorable,470.7,electronics,Mybuzz,680,3/31/2021
5,Rev,551.11,clothing,Tagtune,916,2/9/2020
6,Mrs,433.81,beauty,Zoonder,436,6/15/2016
7,Ms,215.35,electronics,Dazzlesphere,553,4/25/2010
8,Rev,873.04,home goods,Flashdog,777,7/14/2017
9,Mrs,581.04,toys,Katz,958,6/18/2021
10,Rev,133.01,electronics,Babbleset,626,5/9/2022
11,Rev,430.16,beauty,Jetwire,204,8/26/2012
12,Ms,770.12,electronics,Mybuzz,802,11/7/2022
13,Honorable,834.28,clothing,Demizz,332,10/22/2012
14,Rev,99.83,beauty,Oyondu,347,9/16/2020
15,Rev,545.55,electronics,Dynazzy,928,10/6/2011
16,Mrs,807.67,home goods,Wordtune,751,7/24/2017
17,Rev,94.7,electronics,Tazzy,341,7/16/2012
18,Dr,509.39,electronics,Demizz,810,9/18/2017
19,Mr,154.01,toys,Buzzdog,0,6/7/2022
20,Rev,283.36,electronics,Oodoo,633,7/31/2011
21,Ms,444.59,toys,Shuffledrive,177,8/12/2020
22,Honorable,220.29,beauty,Oloo,218,5/9/2012
23,Mr,865.58,home goods,Voomm,151,10/30/2022
24,Mrs,892.76,toys,Dablist,647,8/4/2019
25,Ms,670.45,toys,Vitz,149,2/5/2014
26,Rev,545.64,home goods,Buzzster,210,10/8/2020
27,Mr,32.16,beauty,Skimia,928,9/12/2015
28,Mr,905.59,electronics,Youopia,654,12/16/2014
29,Ms,292.46,toys,Eidel,761,3/24/2011
30,Rev,462.56,home goods,Voonder,532,6/6/2010
31,Mrs,866.91,electronics,Vinte,914,6/16/2010
32,Honorable,723.82,beauty,Talane,353,9/16/2015
33,Ms,209.63,clothing,Edgetag,186,6/18/2020
34,Mrs,902.67,electronics,Topiclounge,696,3/16/2012
35,Dr,487.34,electronics,Buzzdog,990,8/18/2021
36,Mr,449.39,home goods,Topicware,817,2/26/2018
37,Dr,402.42,clothing,Divavu,65,6/29/2017
38,Rev,666.14,beauty,Topdrive,60,8/12/2011
39,Honorable,390.19,beauty,Wordware,554,8/28/2022
40,Mr,545.4,toys,Realpoint,49,11/9/2022
41,Rev,166.85,toys,Plajo,117,9/17/2010
42,Mr,875.06,toys,Fivechat,390,5/24/2015
43,Rev,200.79,beauty,Yotz,770,10/5/2021
44,Mrs,633.98,toys,Meejo,972,5/2/2011
45,Dr,257.53,home goods,Bluezoom,523,3/4/2015
46,Dr,617.18,clothing,Gigabox,902,1/20/2016
47,Rev,969.96,beauty,Oba,893,3/27/2011
48,Rev,267.71,home goods,Fivespan,435,3/27/2013
49,Dr,878.56,toys,Kanoodle,833,8/30/2016
50,Dr,467.11,clothing,JumpXS,660,2/18/2019
51,Mr,590.89,beauty,Ooba,65,3/16/2017
52,Rev,545.52,electronics,Twitterlist,296,5/21/2020
53,Mr,684.3,home goods,Yabox,986,11/5/2011
54,Mr,611.95,beauty,Feedfish,717,2/26/2010
55,Mrs,972.44,beauty,Flashpoint,624,7/13/2018
56,Mrs,343.42,clothing,JumpXS,741,1/9/2018
57,Ms,333.32,clothing,Oozz,304,2/18/2012
58,Rev,975.87,toys,Eazzy,504,1/10/2016
59,Ms,564.28,home goods,Abata,492,5/25/2020
60,Honorable,524.82,electronics,Skyndu,148,8/28/2014
61,Ms,561.7,beauty,Centimia,767,3/16/2022
62,Mrs,746.48,clothing,Trupe,517,11/29/2015
63,Honorable,911.93,beauty,Ntags,366,11/28/2013
64,Rev,628.01,clothing,Yozio,333,9/24/2013
65,Dr,657.56,beauty,Realcube,264,8/19/2021
66,Rev,603.54,home goods,Jabberbean,541,9/21/2016
67,Mr,165.91,clothing,Avaveo,84,4/7/2019
68,Dr,747.7,toys,Vinder,236,7/8/2020
69,Dr,286.04,home goods,Skipstorm,654,9/7/2021
70,Mrs,662.8,toys,Ozu,275,8/13/2012
71,Mr,616.37,toys,Oyoyo,327,2/1/2010
72,Honorable,260.53,toys,Plambee,698,11/8/2020
73,Honorable,501.43,clothing,Centimia,87,8/6/2022
74,Mr,647.94,beauty,Yambee,611,7/28/2012
75,Mrs,922.3,electronics,Vimbo,988,11/22/2019
76,Mr,819.08,beauty,Rhynoodle,788,3/9/2018
77,Honorable,151.4,toys,Skivee,666,5/27/2012
78,Mrs,704.69,clothing,Quatz,359,4/19/2011
79,Ms,933.2,home goods,Trilith,134,5/27/2015
80,Mrs,447.17,home goods,Kare,990,3/24/2010
81,Mr,953.95,beauty,Miboo,62,12/23/2010
82,Honorable,410.96,home goods,Voolith,285,6/8/2018
83,Rev,99.51,home goods,Realbuzz,864,3/8/2016
84,Rev,380.32,home goods,Skimia,60,4/12/2012
85,Mr,832.03,toys,Jaxworks,914,3/31/2018
86,Rev,652.11,electronics,Divanoodle,473,9/25/2022
87,Mr,431.4,toys,Mudo,57,4/5/2010
88,Honorable,235.25,clothing,Wordify,66,11/20/2022
89,Mrs,928.23,beauty,Cogilith,147,4/29/2022
90,Mrs,989.09,toys,Vinte,986,9/20/2017
91,Rev,240.37,beauty,Vitz,473,8/22/2015
92,Mr,282.23,clothing,Kazio,275,11/10/2011
93,Ms,682.45,home goods,Avamm,72,11/3/2016
94,Ms,963.35,toys,Gabspot,95,8/2/2018
95,Honorable,838.13,beauty,Dynabox,521,3/5/2019
96,Mr,842.32,home goods,Oyonder,926,4/1/2020
97,Rev,165.88,toys,Skimia,622,6/13/2014
98,Mr,249.85,toys,Jayo,822,9/19/2012
99,Mr,952.39,electronics,Digitube,827,1/10/2021
100,Honorable,591.56,toys,Dynazzy,624,8/30/2011
101,Rev,330.91,home goods,Realmix,67,3/7/2012
102,Rev,268.79,home goods,Geba,390,7/21/2016
103,Mrs,144.31,beauty,Dabshots,670,6/14/2015
104,Ms,447.63,clothing,Buzzdog,453,10/19/2014
105,Rev,542.26,home goods,Skaboo,307,11/25/2019
106,Mrs,269.35,electronics,Aimbu,216,8/1/2013
107,Mr,629.89,beauty,Yotz,944,8/3/2015
108,Dr,464.63,home goods,Trudoo,241,2/2/2012
109,Honorable,862.45,home goods,Kwimbee,327,12/5/2016
110,Dr,261.24,toys,Yodoo,1000,1/15/2015
111,Honorable,312.13,toys,Linktype,759,7/24/2019
112,Mrs,408.75,home goods,Photospace,534,5/1/2020
113,Honorable,513.27,clothing,Photobug,923,6/25/2021
114,Dr,561.48,electronics,Geba,184,10/7/2013
115,Mr,680.3,toys,Brainverse,560,8/15/2014
116,Ms,713.51,clothing,Mybuzz,25,12/19/2013
117,Mrs,698.55,electronics,Voonte,35,12/16/2019
118,Dr,331.29,electronics,Eidel,66,6/29/2021
119,Honorable,152.69,beauty,Buzzbean,565,11/28/2013
120,Ms,802.6,beauty,Jamia,714,11/29/2010
121,Honorable,552.15,electronics,Teklist,95,2/8/2013
122,Mr,394.78,home goods,Gabcube,499,4/18/2018
123,Dr,574.29,toys,Meevee,697,6/9/2022
124,Mrs,966.39,home goods,Vidoo,424,4/29/2010
125,Rev,704.52,electronics,Yotz,148,10/2/2021
126,Mrs,245.95,beauty,Tagopia,104,1/20/2013
127,Mr,334.13,beauty,Jayo,509,5/28/2012
128,Rev,57.18,electronics,Ntags,946,1/11/2017
129,Mrs,599.95,electronics,Gabtype,938,7/26/2021
130,Ms,143.42,toys,Rhyloo,327,3/15/2020
131,Rev,811.81,beauty,Photospace,729,8/14/2022
132,Honorable,882.68,beauty,Voomm,588,4/28/2018
133,Mr,144.17,electronics,Mybuzz,841,5/28/2015
134,Honorable,674.61,toys,Thoughtbridge,15,8/18/2022
135,Honorable,639.96,beauty,Jamia,676,10/22/2010
136,Mrs,934.83,beauty,Thoughtmix,530,8/9/2017
137,Dr,6.78,toys,Katz,120,9/13/2021
138,Ms,27.74,beauty,Plajo,958,9/22/2015
139,Rev,268.5,home goods,Realfire,7,5/3/2021
140,Ms,180.52,toys,Quatz,547,5/2/2022
141,Ms,291.47,home goods,Tanoodle,952,3/29/2019
142,Dr,351.49,clothing,Tekfly,272,5/9/2019
143,Rev,58.25,clothing,Quinu,253,9/9/2019
144,Honorable,401.73,electronics,Meezzy,727,6/16/2016
145,Honorable,6.69,clothing,Aibox,574,11/28/2017
146,Mr,83.02,clothing,Voonix,650,8/17/2018
147,Mrs,43.14,beauty,Topicware,615,8/9/2019
148,Mr,801.82,toys,Snaptags,763,1/19/2012
149,Rev,669.79,clothing,Realcube,154,5/14/2018
150,Rev,541.54,electronics,Shufflester,454,2/3/2012
151,Honorable,989.27,beauty,Yozio,999,9/24/2010
152,Mrs,652.14,electronics,Livefish,766,3/28/2013
153,Ms,249.68,home goods,Photofeed,554,12/18/2015
154,Ms,485.44,beauty,Devshare,909,1/9/2015
155,Mrs,283.53,electronics,Skipfire,27,3/9/2010
156,Mr,500.98,home goods,Meemm,952,10/13/2016
157,Dr,389.28,clothing,Meevee,458,3/3/2021
158,Ms,200.41,home goods,Oyonder,222,3/16/2016
159,Honorable,308.08,clothing,Linktype,338,11/6/2011
160,Ms,577.96,electronics,Demivee,709,10/29/2010
161,Honorable,868.31,electronics,Quinu,421,4/13/2015
162,Mr,478.77,beauty,Browsezoom,195,7/22/2014
163,Mrs,105.55,home goods,Dabshots,118,11/14/2013
164,Rev,774.22,home goods,Ailane,202,5/28/2022
165,Dr,5.6,home goods,Brainverse,16,6/11/2021
166,Mrs,649.42,toys,Jabbersphere,394,2/24/2015
167,Ms,305.12,home goods,Yadel,726,3/18/2011
168,Honorable,636.22,clothing,Flashpoint,149,6/30/2021
169,Ms,722.26,toys,Flipbug,782,11/7/2021
170,Mr,850.3,toys,Zava,17,10/26/2018
171,Rev,273.06,clothing,Voomm,310,3/27/2019
172,Dr,499.83,electronics,Yodoo,47,11/16/2012
173,Ms,624.5,clothing,Flipopia,635,12/25/2012
174,Mrs,145.53,electronics,Feedmix,27,9/14/2011
175,Mr,621.54,home goods,Ooba,173,12/18/2013
176,Mrs,281.76,toys,Zoomzone,898,10/4/2020
177,Honorable,623.32,home goods,Zooveo,822,1/13/2011
178,Ms,920.64,toys,Gigaclub,437,11/10/2014
179,Ms,241.7,clothing,Avamba,366,11/2/2014
180,Honorable,838.48,electronics,Flashspan,822,5/10/2021
181,Mr,221.08,clothing,Rhybox,592,11/26/2021
182,Ms,842.42,home goods,Meembee,393,9/23/2015
183,Rev,85.88,clothing,Brainsphere,280,9/14/2016
184,Mrs,998.73,beauty,Wordware,562,6/9/2017
185,Dr,739.92,clothing,Tagcat,316,9/26/2012
186,Mrs,119.42,home goods,Bluejam,31,3/29/2018
187,Honorable,331.14,toys,Jabberbean,591,3/19/2014
188,Ms,793.79,beauty,Eidel,248,8/18/2017
189,Dr,368.76,beauty,Eimbee,684,5/26/2016
190,Dr,222.63,electronics,Gabtype,547,4/21/2016
191,Dr,646.98,beauty,Oyope,305,11/17/2015
192,Mrs,487.0,home goods,Skalith,558,1/25/2017
193,Mr,220.84,electronics,Jaxbean,250,2/7/2019
194,Mr,905.34,toys,Tazzy,72,4/30/2011
195,Dr,536.85,beauty,Topicstorm,488,1/2/2020
196,Dr,783.1,clothing,Viva,152,10/19/2015
197,Mr,393.09,clothing,Riffwire,959,1/19/2016
198,Mr,328.67,toys,Jabbersphere,339,7/23/2018
199,Mr,656.06,home goods,Yadel,994,11/2/2021
200,Rev,249.84,home goods,Cogidoo,655,10/19/2014
201,Rev,405.19,home goods,Centizu,13,11/10/2018
202,Mrs,188.69,toys,Centizu,856,7/7/2019
203,Honorable,780.44,toys,Meetz,430,3/7/2013
204,Rev,621.76,toys,Cogilith,202,1/23/2014
205,Dr,44.48,beauty,Skiptube,763,9/16/2022
206,Mrs,1.06,beauty,Plajo,326,5/22/2014
207,Rev,686.63,beauty,Realpoint,321,5/16/2020
208,Mrs,41.5,toys,Centidel,974,7/21/2020
209,Mrs,570.92,beauty,Meemm,44,8/18/2015
210,Mr,667.22,home goods,Avavee,83,3/3/2012
211,Ms,41.64,beauty,Voomm,81,2/6/2013
212,Ms,905.43,beauty,Twitterbridge,614,12/15/2017
213,Ms,928.74,home goods,Yodoo,755,12/25/2012
214,Honorable,662.36,toys,Zoomdog,335,3/23/2018
215,Rev,221.55,home goods,Blogpad,267,12/31/2017
216,Rev,248.29,toys,Topicshots,437,4/27/2010
217,Mrs,926.7,electronics,Vipe,332,7/4/2018
218,Mrs,54.42,home goods,Twitterwire,739,9/25/2012
219,Honorable,498.56,toys,Jabbersphere,533,1/31/2022
220,Honorable,612.84,home goods,Wikizz,283,7/16/2013
221,Rev,38.62,electronics,Gabspot,405,2/12/2022
222,Dr,717.56,beauty,Edgepulse,665,5/23/2013
223,Mr,29.54,home goods,Gevee,142,1/13/2022
224,Dr,285.79,electronics,Oyonder,639,10/9/2017
225,Rev,369.48,beauty,Edgeclub,217,7/18/2017
226,Honorable,786.33,beauty,Einti,998,3/29/2015
227,Mr,469.45,clothing,Buzzdog,523,7/12/2017
228,Mr,24.04,home goods,Eimbee,776,10/5/2014
229,Ms,230.92,toys,Jabberstorm,372,6/8/2019
230,Rev,43.59,toys,Skyndu,16,5/14/2012
231,Rev,73.03,home goods,Quinu,975,6/1/2015
232,Ms,804.07,home goods,Yakitri,97,11/23/2021
233,Honorable,444.39,electronics,Flipopia,247,10/14/2020
234,Honorable,612.79,toys,Realcube,3,7/1/2013
235,Rev,918.38,beauty,Kare,176,4/22/2020
236,Honorable,327.99,clothing,Kwimbee,935,9/24/2013
237,Rev,831.58,home goods,Topiclounge,332,3/6/2017
238,Rev,213.49,home goods,Wikibox,98,7/4/2020
239,Honorable,485.32,electronics,Rhynoodle,466,8/11/2017
240,Dr,710.89,electronics,Buzzbean,654,12/27/2010
241,Honorable,602.86,beauty,Fanoodle,247,10/20/2020
242,Dr,303.14,clothing,Meevee,705,12/26/2013
243,Dr,471.05,home goods,Latz,266,10/9/2016
244,Mr,953.58,beauty,Leenti,743,11/12/2015
245,Honorable,726.7,beauty,Skyba,585,12/6/2011
246,Ms,682.76,toys,Photobean,865,11/18/2019
247,Mrs,108.97,home goods,Babbleopia,179,11/23/2022
248,Honorable,769.63,clothing,Fliptune,647,5/18/2014
249,Honorable,187.44,home goods,Jaxbean,748,3/11/2013
250,Mrs,540.83,home goods,Bluejam,571,8/31/2010
251,Mr,230.29,beauty,Livetube,730,3/11/2021
252,Dr,989.46,clothing,Devpoint,2,4/26/2011
253,Mrs,686.58,home goods,Geba,7,10/8/2018
254,Honorable,509.38,beauty,Cogilith,567,12/10/2014
255,Ms,364.64,electronics,Vinder,318,2/24/2015
256,Ms,38.53,electronics,Fivespan,479,4/3/2013
257,Rev,858.88,toys,Jabbersphere,363,6/9/2015
258,Honorable,195.87,home goods,Babbleblab,70,11/19/2018
259,Ms,823.18,toys,Brainverse,513,7/25/2022
260,Mr,858.66,beauty,Mita,526,2/2/2011
261,Ms,781.01,home goods,Plambee,217,8/3/2019
262,Dr,538.07,beauty,Realblab,783,5/7/2016
263,Rev,226.64,electronics,Youopia,437,10/24/2018
264,Ms,797.99,home goods,Browsedrive,425,6/9/2014
265,Ms,169.79,clothing,Mudo,867,7/16/2010
266,Ms,976.31,clothing,Tagfeed,398,6/24/2019
267,Rev,905.75,home goods,Twitterbridge,945,3/20/2022
268,Mr,897.13,home goods,Voonix,793,12/12/2022
269,Ms,704.38,beauty,Eabox,184,5/7/2013
270,Honorable,794.66,home goods,Voonyx,582,4/16/2021
271,Rev,47.33,toys,Dabtype,776,5/31/2018
272,Ms,590.14,toys,Feedfish,752,9/27/2013
273,Dr,779.16,home goods,Yombu,996,7/25/2020
274,Ms,656.97,toys,Tazzy,581,5/15/2010
275,Honorable,271.77,electronics,Livepath,860,8/28/2021
276,Rev,721.3,home goods,Thoughtbeat,755,12/25/2011
277,Mrs,353.26,clothing,Kimia,4,11/22/2010
278,Honorable,281.23,clothing,Devpoint,125,4/7/2022
279,Rev,48.98,toys,Devpulse,792,8/23/2011
280,Mrs,158.79,beauty,Youopia,175,4/20/2022
281,Mr,371.07,clothing,Twitterbeat,828,5/18/2010
282,Mrs,685.1,toys,Dablist,113,7/5/2017
283,Mr,527.13,electronics,Yadel,833,3/19/2022
284,Honorable,330.44,electronics,Jetwire,543,6/24/2013
285,Mrs,350.81,toys,Wikizz,679,8/21/2016
286,Honorable,337.11,clothing,Tazz,406,10/10/2019
287,Mr,811.24,home goods,Topicware,475,2/4/2011
288,Mrs,31.76,clothing,Vipe,409,3/17/2019
289,Mr,776.42,clothing,Agivu,979,8/10/2018
290,Honorable,156.98,home goods,Npath,369,7/4/2014
291,Ms,77.28,home goods,Bubblemix,707,9/23/2014
292,Honorable,674.07,toys,Aibox,645,8/21/2022
293,Mrs,852.61,electronics,Meetz,965,12/1/2018
294,Ms,789.47,home goods,Eidel,282,10/4/2017
295,Dr,902.97,clothing,Buzzdog,941,3/9/2019
296,Mrs,476.13,home goods,Voolia,996,9/3/2010
297,Honorable,383.54,toys,Brainsphere,870,7/22/2013
298,Mrs,458.88,beauty,Jabbertype,716,2/7/2021
299,Rev,967.59,electronics,Twitternation,720,4/16/2018
300,Mr,607.45,home goods,Roodel,608,8/7/2015
301,Mr,9.79,clothing,Fivebridge,903,6/21/2021
302,Mrs,85.25,beauty,Einti,712,12/4/2022
303,Dr,744.09,electronics,Divanoodle,531,4/13/2013
304,Mr,515.19,toys,Edgepulse,379,12/11/2017
305,Dr,6.04,toys,Kwideo,451,12/20/2021
306,Honorable,177.55,toys,Kwilith,905,10/21/2019
307,Dr,536.64,home goods,Divanoodle,539,5/1/2013
308,Ms,306.88,clothing,Buzzster,46,6/25/2016
309,Honorable,971.4,electronics,Leexo,137,10/20/2014
310,Rev,977.73,beauty,Dynazzy,681,4/17/2018
311,Ms,845.64,toys,Ailane,89,2/17/2016
312,Ms,838.61,electronics,Flipbug,421,5/13/2015
313,Ms,208.47,electronics,Devpulse,983,5/15/2013
314,Rev,712.17,clothing,Linkbuzz,698,11/2/2022
315,Dr,767.5,electronics,Buzzshare,639,8/12/2016
316,Ms,681.65,toys,Digitube,723,12/27/2016
317,Dr,31.82,toys,Divape,858,11/1/2020
318,Ms,162.1,toys,Cogidoo,898,11/1/2012
319,Honorable,487.15,home goods,Wikizz,993,4/25/2017
320,Ms,791.12,toys,Tanoodle,155,7/31/2020
321,Mr,849.65,clothing,Cogibox,457,7/27/2016
322,Mr,472.22,clothing,Jabberstorm,558,8/13/2019
323,Mr,861.8,beauty,Divanoodle,481,9/28/2010
324,Ms,69.0,beauty,Oba,916,1/30/2010
325,Ms,868.83,clothing,Zoomdog,986,2/15/2017
326,Honorable,7.06,home goods,Topiczoom,654,11/3/2018
327,Dr,107.1,electronics,Katz,386,4/2/2020
328,Honorable,239.28,clothing,Npath,776,10/21/2012
329,Rev,175.7,beauty,Quaxo,19,3/14/2020
330,Mrs,541.23,electronics,Trunyx,83,10/5/2017
331,Honorable,320.64,toys,Shufflebeat,77,3/19/2012
332,Honorable,719.76,clothing,Cogibox,546,7/6/2013
333,Mrs,44.25,clothing,Tagchat,495,5/15/2022
334,Honorable,683.09,home goods,Bluejam,649,2/11/2014
335,Honorable,713.25,beauty,Kanoodle,391,11/20/2011
336,Rev,803.88,electronics,Skalith,588,3/23/2019
337,Dr,566.32,clothing,Kazio,874,9/7/2018
338,Mrs,593.98,home goods,Divanoodle,990,5/9/2020
339,Mr,791.9,clothing,Fliptune,407,5/7/2016
340,Mr,19.9,toys,Kwimbee,550,10/1/2018
341,Mrs,660.37,home goods,Blogtags,697,10/25/2019
342,Rev,19.63,beauty,Zoomzone,635,9/29/2015
343,Mr,365.29,clothing,Gigazoom,752,2/18/2021
344,Ms,272.87,electronics,Trudoo,696,1/11/2016
345,Honorable,543.77,electronics,Yotz,735,6/28/2021
346,Mr,893.28,electronics,Katz,226,10/8/2015
347,Ms,125.26,home goods,Edgeblab,444,12/1/2019
348,Dr,756.7,beauty,Ailane,15,1/22/2021
349,Mrs,68.6,clothing,Wikizz,277,5/2/2015
350,Ms,131.91,clothing,Zoomcast,888,2/12/2014
351,Rev,186.85,home goods,Lazzy,532,9/23/2013
352,Mrs,690.77,electronics,Mydeo,501,12/2/2017
353,Mr,841.26,clothing,Bluezoom,825,8/25/2015
354,Mrs,180.74,home goods,Skibox,518,7/24/2013
355,Rev,884.37,toys,Centizu,292,9/28/2010
356,Rev,153.1,electronics,Buzzshare,236,3/24/2020
357,Honorable,835.78,beauty,Zoomcast,733,4/10/2019
358,Ms,786.18,home goods,Kare,350,3/7/2014
359,Mrs,92.94,home goods,Gabspot,416,1/27/2015
360,Rev,690.97,beauty,Voonte,515,10/19/2017
361,Ms,979.88,toys,Wordtune,114,3/25/2012
362,Mrs,1.18,clothing,Dynabox,415,3/21/2019
363,Rev,523.11,toys,Flipbug,424,5/2/2011
364,Honorable,945.36,home goods,Skivee,111,1/9/2017
365,Honorable,408.94,electronics,Skyvu,750,4/17/2019
366,Ms,407.39,home goods,Edgepulse,657,1/10/2020
367,Rev,367.25,beauty,Brightbean,928,3/28/2017
368,Rev,867.27,toys,Cogibox,740,10/17/2011
369,Rev,789.19,electronics,Mycat,738,7/9/2020
370,Mr,957.5,toys,Shuffletag,219,5/3/2013
371,Honorable,757.05,electronics,Demimbu,501,1/20/2010
372,Rev,147.28,electronics,Tavu,607,8/2/2015
373,Mr,180.13,toys,Zoombox,397,3/18/2021
374,Ms,636.14,home goods,Kwideo,31,2/19/2019
375,Mr,273.12,toys,Kazio,674,6/8/2013
376,Mrs,651.38,toys,Divanoodle,181,12/24/2016
377,Honorable,217.41,home goods,Voonder,871,2/1/2020
378,Ms,607.84,home goods,Demimbu,57,10/29/2014
379,Ms,136.93,home goods,Rhycero,439,4/13/2018
380,Dr,973.6,toys,Eazzy,424,1/27/2021
381,Rev,785.7,beauty,Blognation,786,11/28/2014
382,Honorable,714.15,electronics,Yadel,434,12/8/2016
383,Mrs,664.9,clothing,Zazio,693,3/29/2022
384,Dr,703.55,toys,Meetz,955,10/2/2019
385,Ms,229.9,beauty,Linklinks,473,12/15/2020
386,Rev,96.31,clothing,Devcast,22,10/18/2013
387,Mr,705.52,clothing,Babbleopia,138,4/19/2014
388,Rev,604.91,beauty,Topicware,210,10/11/2021
389,Honorable,537.43,home goods,Zoonoodle,491,7/7/2012
390,Ms,69.71,clothing,Quatz,556,8/16/2012
391,Dr,879.03,home goods,Wikivu,427,5/2/2017
392,Rev,602.63,toys,Zooveo,1000,2/28/2017
393,Honorable,248.17,beauty,Thoughtstorm,99,2/6/2019
394,Mrs,172.82,beauty,Yamia,858,7/13/2013
395,Mrs,788.76,electronics,Browsebug,791,7/9/2014
396,Honorable,400.09,beauty,Npath,177,1/6/2015
397,Mr,403.17,home goods,Divape,96,5/5/2011
398,Mr,533.32,electronics,Trilia,477,7/21/2021
399,Rev,993.78,electronics,Divavu,920,7/16/2016
400,Rev,648.56,clothing,Yozio,170,4/23/2018
401,Dr,585.23,home goods,Dabjam,858,5/6/2017
402,Honorable,367.39,home goods,Yabox,659,7/8/2016
403,Mr,513.74,toys,Dynabox,855,8/2/2019
404,Mr,781.28,toys,Vitz,768,6/22/2019
405,Rev,862.76,electronics,Trilith,488,3/23/2020
406,Ms,604.89,electronics,Ailane,20,8/25/2012
407,Rev,271.71,electronics,Vidoo,772,2/6/2019
408,Ms,226.9,home goods,Wordware,681,8/6/2012
409,Mr,547.36,electronics,Zoombeat,849,5/28/2010
410,Honorable,990.35,clothing,Topiclounge,391,6/5/2011
411,Dr,848.92,electronics,Bubblebox,206,12/15/2014
412,Mrs,96.81,home goods,Wordpedia,167,8/6/2016
413,Mr,105.9,electronics,Yoveo,773,12/30/2018
414,Ms,721.7,clothing,Realbuzz,935,3/28/2021
415,Rev,813.54,beauty,Meevee,351,6/22/2018
416,Dr,567.4,electronics,Shufflebeat,576,7/3/2015
417,Rev,207.08,beauty,Meemm,190,4/9/2010
418,Mrs,723.4,toys,Youbridge,873,3/28/2019
419,Dr,981.43,electronics,Abatz,393,12/16/2022
420,Mr,724.36,clothing,Livepath,379,10/7/2022
421,Mr,751.3,beauty,Yotz,772,9/21/2019
422,Ms,904.14,clothing,Gabspot,387,2/24/2019
423,Ms,497.3,beauty,Chatterbridge,636,1/2/2022
424,Ms,26.81,clothing,Aibox,579,2/13/2020
425,Mrs,911.13,electronics,Gabcube,269,7/8/2013
426,Honorable,981.08,toys,Flashset,776,1/18/2022
427,Dr,536.26,electronics,Miboo,294,8/18/2010
428,Rev,230.26,clothing,Centidel,890,9/3/2015
429,Dr,16.88,toys,Avavee,153,3/25/2012
430,Honorable,69.4,electronics,Ailane,533,4/13/2022
431,Ms,349.11,home goods,Camido,164,1/12/2022
432,Rev,325.42,home goods,Flashdog,18,1/11/2022
433,Mr,878.21,beauty,Topicware,152,2/19/2014
434,Dr,314.19,beauty,Mycat,935,6/28/2013
435,Dr,382.79,clothing,Gigashots,289,1/22/2016
436,Mr,800.55,home goods,Camimbo,53,11/4/2016
437,Dr,59.4,beauty,Devcast,609,11/9/2021
438,Dr,476.98,electronics,Blogtag,765,4/9/2022
439,Dr,431.24,clothing,Zoomdog,376,2/5/2012
440,Dr,797.36,clothing,Flipbug,619,7/30/2014
441,Mr,796.49,toys,Buzzdog,252,8/20/2010
442,Honorable,122.83,home goods,Nlounge,395,7/25/2018
443,Dr,376.58,clothing,Shufflebeat,314,5/6/2019
444,Dr,168.04,home goods,Meezzy,416,10/31/2019
445,Rev,173.48,toys,BlogXS,872,9/29/2014
446,Dr,97.12,electronics,Eazzy,423,4/29/2015
447,Mrs,607.5,clothing,Skipstorm,22,11/15/2013
448,Mr,189.84,beauty,Mydeo,717,8/16/2019
449,Honorable,958.54,toys,Realmix,921,11/18/2021
450,Mrs,302.78,toys,Babblestorm,721,1/31/2013
451,Mrs,427.77,home goods,Omba,343,5/11/2018
452,Mrs,272.89,home goods,Fliptune,430,9/19/2010
453,Dr,503.53,clothing,Flashset,955,11/11/2020
454,Ms,93.1,beauty,Thoughtbridge,456,7/11/2015
455,Ms,726.88,beauty,Dabvine,859,4/29/2016
456,Honorable,953.59,toys,Linklinks,599,7/19/2022
457,Mr,614.61,clothing,Feedfish,208,6/14/2013
458,Ms,830.79,clothing,Brainbox,377,10/2/2017
459,Honorable,202.54,clothing,Yodo,419,11/23/2012
460,Mrs,907.83,toys,Gigaclub,941,9/3/2010
461,Mrs,614.86,beauty,Minyx,402,7/1/2014
462,Dr,254.98,toys,Voomm,521,5/2/2012
463,Dr,571.94,beauty,Dabjam,600,7/14/2014
464,Rev,86.63,clothing,Shuffletag,466,5/6/2017
465,Ms,730.54,beauty,Photojam,149,4/22/2022
466,Dr,635.39,beauty,Fivechat,870,9/8/2014
467,Honorable,278.68,beauty,Talane,404,10/14/2022
468,Mr,511.26,beauty,Tagopia,115,5/13/2017
469,Rev,214.66,electronics,Shuffledrive,71,10/13/2014
470,Ms,87.76,clothing,Livefish,25,7/20/2022
471,Mr,441.33,beauty,Oyoloo,44,5/28/2014
472,Mr,738.26,toys,Roombo,177,10/5/2018
473,Mr,308.54,beauty,Jaxnation,749,12/28/2011
474,Honorable,474.69,home goods,Midel,483,3/7/2010
475,Rev,738.6,toys,Browsecat,788,7/17/2014
476,Mrs,93.11,beauty,Chatterbridge,753,8/9/2013
477,Dr,905.32,toys,Topicshots,404,9/19/2011
478,Rev,204.22,beauty,Twinte,160,5/16/2018
479,Rev,788.6,electronics,Oyoba,495,4/28/2013
480,Mrs,117.28,clothing,Thoughtworks,544,9/5/2013
481,Dr,688.75,toys,Dynabox,764,9/5/2019
482,Dr,25.64,beauty,Realfire,713,3/21/2016
483,Dr,138.12,home goods,Quire,325,4/21/2015
484,Ms,607.11,toys,Feedmix,963,9/7/2018
485,Honorable,48.99,toys,Babbleopia,404,9/1/2013
486,Mrs,264.94,toys,Shuffledrive,667,7/5/2016
487,Ms,305.25,beauty,Eadel,378,9/23/2012
488,Dr,118.75,electronics,Eire,775,8/29/2013
489,Mrs,724.63,electronics,Minyx,980,12/4/2014
490,Mr,160.56,electronics,Vinte,512,12/28/2022
491,Honorable,432.36,home goods,Babbleblab,500,10/9/2016
492,Mr,992.16,toys,Twitterbridge,700,9/14/2010
493,Mr,391.28,toys,Skimia,910,10/8/2014
494,Ms,177.85,beauty,Kimia,413,2/10/2019
495,Ms,386.25,electronics,Cogilith,153,1/22/2014
496,Honorable,705.15,home goods,Quamba,957,2/22/2018
497,Mrs,471.85,beauty,Thoughtbridge,117,12/8/2019
498,Dr,180.31,beauty,Realbuzz,580,6/17/2014
499,Ms,652.08,clothing,Edgepulse,607,1/16/2020
500,Dr,115.22,beauty,Feedfish,151,6/18/2011
501,Rev,598.72,home goods,Zoomzone,821,3/6/2017
502,Mrs,818.25,electronics,Minyx,105,10/9/2016
503,Dr,847.65,beauty,Browseblab,877,7/17/2022
504,Dr,101.37,clothing,Pixoboo,343,2/21/2017
505,Honorable,726.33,beauty,Quimm,295,9/1/2018
506,Rev,403.4,home goods,Gigaclub,889,4/29/2016
507,Ms,808.22,beauty,Kwinu,783,8/1/2022
508,Ms,238.77,clothing,Dabshots,825,3/1/2011
509,Mrs,811.97,electronics,Oyondu,164,10/11/2013
510,Mr,93.99,electronics,Camimbo,841,5/2/2021
511,Ms,314.22,beauty,Meeveo,177,1/24/2021
512,Honorable,592.66,beauty,Dynabox,758,4/16/2012
513,Dr,882.71,clothing,Buzzshare,282,5/1/2020
514,Ms,642.58,toys,Eazzy,938,9/6/2015
515,Honorable,219.22,beauty,Twimm,978,8/1/2015
516,Mr,15.75,toys,Zava,772,12/26/2010
517,Dr,368.23,toys,Fanoodle,211,6/3/2016
518,Ms,53.92,toys,Janyx,634,11/21/2019
519,Mr,710.84,beauty,Shufflebeat,881,3/15/2014
520,Mr,325.13,beauty,Pixoboo,541,2/27/2016
521,Mrs,823.74,home goods,Skaboo,203,4/10/2011
522,Honorable,394.76,home goods,Dablist,971,4/23/2015
523,Rev,88.4,clothing,Photospace,570,1/8/2015
524,Mr,15.79,electronics,Livetube,936,4/26/2014
525,Rev,2.36,clothing,Rhynyx,452,10/18/2015
526,Dr,762.66,beauty,Babblestorm,902,11/22/2013
527,Dr,967.66,toys,Jaxworks,829,10/8/2016
528,Dr,816.05,clothing,Aimbo,455,3/16/2018
529,Honorable,767.49,electronics,Fivechat,962,2/9/2011
530,Mr,486.43,beauty,Nlounge,327,6/7/2011
531,Mr,315.24,electronics,Pixoboo,718,12/30/2015
532,Honorable,79.82,home goods,Mita,872,4/18/2010
533,Mrs,283.12,clothing,Vimbo,907,5/6/2012
534,Mrs,444.64,clothing,Kwimbee,5,3/3/2017
535,Ms,471.69,electronics,Vinder,526,4/30/2013
536,Mrs,116.87,beauty,Oyondu,989,3/21/2021
537,Mr,763.84,toys,Eimbee,938,1/3/2013
538,Dr,821.89,toys,Flipbug,159,4/26/2021
539,Dr,606.21,electronics,Mynte,429,8/2/2019
540,Mr,587.28,home goods,Yakitri,202,6/4/2012
541,Dr,657.19,home goods,Fanoodle,128,6/24/2013
542,Ms,153.48,toys,Wikizz,236,2/23/2013
543,Dr,93.25,home goods,Fatz,324,12/12/2017
544,Honorable,604.64,beauty,Skivee,541,5/21/2011
545,Rev,146.34,beauty,Skippad,349,6/8/2011
546,Honorable,168.36,electronics,Zoombeat,463,4/6/2019
547,Dr,97.57,home goods,Riffwire,703,2/12/2015
548,Rev,236.49,toys,Vimbo,844,6/30/2022
549,Rev,702.61,toys,Twiyo,390,1/28/2022
550,Mr,915.02,clothing,Cogilith,873,8/26/2012
551,Mrs,408.73,home goods,Eamia,596,2/8/2022
552,Dr,305.51,home goods,Jaxspan,44,11/6/2021
553,Mr,32.98,toys,Jaloo,708,7/11/2021
554,Rev,509.18,clothing,Fivespan,810,1/30/2022
555,Ms,49.13,home goods,Pixonyx,177,7/2/2011
556,Dr,733.96,electronics,Meeveo,332,8/17/2017
557,Mr,608.18,beauty,Nlounge,145,9/15/2014
558,Ms,692.93,beauty,Rhyloo,757,10/31/2010
559,Ms,703.42,beauty,Zoombox,319,4/20/2013
560,Ms,44.12,home goods,Kwideo,796,8/22/2019
561,Dr,649.91,clothing,Thoughtstorm,165,9/10/2018
562,Honorable,175.34,beauty,Oyope,506,10/14/2014
563,Mrs,193.52,home goods,Brainlounge,872,4/27/2020
564,Ms,756.39,clothing,Tazz,113,8/24/2013
565,Mr,939.28,toys,Realcube,38,3/27/2012
566,Mr,447.63,toys,Aibox,695,2/28/2012
567,Honorable,920.62,home goods,Fatz,537,1/1/2010
568,Dr,683.76,electronics,Thoughtbridge,351,4/25/2014
569,Dr,435.13,toys,Quimba,373,10/8/2021
570,Dr,665.53,beauty,Thoughtsphere,955,11/11/2015
571,Rev,46.13,electronics,Photobug,700,3/20/2017
572,Honorable,109.55,home goods,Riffpedia,497,3/3/2018
573,Rev,404.2,clothing,Cogilith,490,10/5/2022
574,Mrs,527.78,electronics,Livefish,789,9/7/2012
575,Dr,420.67,home goods,Zoonder,967,12/29/2019
576,Honorable,225.78,toys,Eidel,224,5/6/2015
577,Ms,721.34,home goods,Thoughtbeat,430,10/7/2018
578,Mr,246.47,beauty,Rhycero,419,11/11/2011
579,Mr,365.4,home goods,Camimbo,899,4/16/2012
580,Mr,109.52,home goods,Trudoo,219,9/6/2022
581,Mr,54.12,toys,Babbleblab,206,8/28/2015
582,Dr,47.31,electronics,Wikibox,763,6/10/2019
583,Rev,234.2,electronics,Youspan,854,6/15/2015
584,Rev,568.97,electronics,Blogtag,46,12/3/2015
585,Ms,719.43,clothing,Centimia,898,7/22/2020
586,Mrs,323.05,toys,Gevee,612,2/26/2010
587,Rev,417.4,beauty,Cogidoo,114,2/2/2018
588,Mr,10.99,beauty,Edgetag,747,12/7/2016
589,Mr,536.56,beauty,Voonte,436,4/26/2010
590,Rev,91.98,toys,Avamm,713,6/18/2014
591,Mrs,410.85,clothing,Agimba,225,7/7/2014
592,Rev,349.01,toys,Skajo,797,11/5/2010
593,Mrs,797.31,home goods,Quinu,656,1/14/2014
594,Mr,948.08,beauty,Skiba,408,2/28/2021
595,Dr,858.33,toys,Edgepulse,812,3/10/2021
596,Mr,798.36,home goods,Skiba,383,9/5/2016
597,Honorable,631.12,beauty,Kwimbee,333,9/16/2022
598,Mr,115.97,home goods,JumpXS,105,6/29/2022
599,Mrs,905.11,home goods,Chatterbridge,263,11/24/2012
600,Rev,803.85,clothing,Trunyx,53,1/24/2013
601,Dr,521.86,beauty,Jaxspan,452,3/18/2022
602,Ms,991.9,clothing,Jazzy,40,3/21/2017
603,Mrs,545.21,beauty,Jazzy,0,9/14/2018
604,Mrs,863.73,beauty,Jamia,412,3/12/2017
605,Honorable,598.22,clothing,Devbug,954,5/30/2016
606,Honorable,723.3,clothing,Bubblebox,344,1/23/2011
607,Mr,704.49,electronics,Voomm,355,1/31/2019
608,Mr,244.49,toys,Browsetype,405,11/24/2016
609,Rev,663.48,home goods,Yacero,382,7/7/2022
610,Ms,184.1,toys,Mynte,845,5/29/2022
611,Mr,790.35,clothing,Vitz,319,7/2/2014
612,Mrs,443.3,toys,Photospace,18,2/12/2018
613,Dr,638.76,electronics,Babblestorm,954,5/21/2013
614,Dr,151.07,beauty,Wikibox,956,3/14/2017
615,Dr,500.83,electronics,Linkbridge,818,6/5/2021
616,Mr,565.9,clothing,Meevee,560,7/5/2022
617,Rev,846.08,beauty,Thoughtstorm,313,3/22/2022
618,Mrs,837.88,toys,Rhyzio,999,2/5/2020
619,Ms,20.31,beauty,Reallinks,892,5/30/2013
620,Dr,859.93,clothing,Thoughtworks,585,4/28/2014
621,Ms,797.42,toys,Skiba,516,9/15/2013
622,Mrs,539.58,electronics,Voonte,36,5/23/2021
623,Ms,243.66,electronics,Skivee,892,10/15/2016
624,Mr,413.32,beauty,Wikido,94,10/20/2012
625,Honorable,252.88,toys,Flashdog,353,3/15/2012
626,Dr,536.69,electronics,Lajo,301,8/13/2022
627,Mr,813.02,beauty,Zava,546,4/14/2014
628,Dr,405.42,clothing,Fanoodle,471,7/12/2017
629,Honorable,453.03,toys,Jaxbean,30,4/27/2012
630,Ms,685.14,home goods,Kazio,499,2/9/2015
631,Mr,305.66,toys,Thoughtblab,456,10/31/2017
632,Rev,130.61,home goods,Aivee,177,10/10/2011
633,Dr,659.75,clothing,Twimbo,105,5/25/2021
634,Honorable,108.71,beauty,Devbug,78,6/23/2013
635,Ms,697.97,electronics,Quinu,852,1/24/2016
636,Mr,529.35,home goods,Gabvine,343,8/13/2021
637,Rev,340.61,toys,Janyx,956,8/4/2010
638,Dr,346.15,beauty,Wordify,674,6/24/2021
639,Mr,340.16,toys,Oba,797,8/18/2020
640,Rev,912.37,clothing,Yadel,685,1/18/2016
641,Rev,798.66,toys,Wikivu,510,6/29/2016
642,Rev,994.09,home goods,Edgeblab,425,8/8/2013
643,Rev,853.59,clothing,Cogilith,624,7/14/2017
644,Mr,29.13,beauty,Eidel,349,5/5/2019
645,Ms,254.21,home goods,Realfire,388,1/6/2011
646,Rev,359.83,electronics,Skyble,695,12/27/2012
647,Ms,414.68,toys,Zoozzy,805,10/23/2020
648,Rev,76.44,toys,Babbleset,327,9/16/2019
649,Dr,272.68,clothing,Divanoodle,525,7/23/2021
650,Dr,20.45,beauty,Skibox,949,1/11/2017
651,Mr,715.71,beauty,Zooxo,65,8/12/2016
652,Mr,43.3,beauty,Chatterbridge,769,2/1/2013
653,Mrs,303.69,home goods,Rhynoodle,412,2/1/2015
654,Mrs,370.4,home goods,Browsezoom,305,7/13/2017
655,Mrs,633.4,toys,Quaxo,907,11/26/2011
656,Honorable,260.59,toys,Skiptube,927,8/20/2022
657,Honorable,888.01,electronics,Blogtags,974,2/24/2020
658,Ms,5.42,electronics,Gevee,325,5/4/2018
659,Rev,673.53,toys,Devbug,672,10/8/2015
660,Dr,470.55,beauty,Oyoyo,621,1/21/2011
661,Dr,315.49,beauty,Rhynyx,470,9/30/2014
662,Mrs,842.53,home goods,Mycat,63,5/13/2013
663,Dr,124.58,toys,Vipe,367,3/25/2011
664,Mrs,801.6,toys,Yakidoo,856,4/22/2020
665,Mrs,615.74,toys,Jetpulse,566,6/26/2013
666,Mrs,125.18,toys,Voolith,756,8/31/2020
667,Ms,451.17,toys,Digitube,271,4/7/2011
668,Dr,365.91,beauty,Feedfire,537,7/12/2016
669,Mrs,255.6,beauty,Vipe,309,7/29/2020
670,Rev,200.79,electronics,Mydeo,676,7/29/2021
671,Rev,937.92,toys,Jabberbean,839,6/16/2012
672,Rev,954.4,toys,Aimbo,460,10/5/2021
673,Ms,123.2,clothing,Bubbletube,873,8/22/2013
674,Ms,806.73,toys,Skipfire,992,8/6/2017
675,Mr,800.81,beauty,Talane,243,1/23/2018
676,Honorable,817.79,electronics,Vipe,613,9/30/2017
677,Dr,396.41,clothing,Gabcube,114,12/3/2021
678,Ms,74.9,home goods,Tagopia,855,6/18/2013
679,Honorable,842.55,toys,Shuffledrive,569,1/2/2019
680,Mrs,819.13,beauty,Oyondu,921,8/16/2019
681,Ms,512.63,electronics,Jatri,439,11/5/2020
682,Ms,250.13,electronics,Babbleblab,554,1/8/2012
683,Mr,446.11,toys,Skinte,890,9/2/2010
684,Mr,711.36,home goods,Zava,190,9/11/2011
685,Ms,363.46,toys,Jaxbean,495,7/3/2020
686,Mrs,717.24,toys,Flashpoint,945,8/31/2020
687,Mr,75.03,beauty,Youspan,68,11/25/2014
688,Honorable,765.71,clothing,Edgetag,465,11/21/2022
689,Rev,837.72,electronics,Mudo,30,6/9/2019
690,Ms,825.11,beauty,Leenti,891,8/15/2017
691,Ms,466.0,toys,Roombo,105,7/31/2013
692,Rev,820.18,beauty,Livepath,710,1/1/2013
693,Dr,659.94,electronics,Topicstorm,128,3/4/2020
694,Honorable,691.92,clothing,Meejo,317,5/11/2016
695,Dr,467.66,beauty,Fivespan,998,2/4/2011
696,Mrs,186.02,home goods,Twinte,415,1/2/2012
697,Mrs,238.73,clothing,Voonyx,139,3/2/2012
698,Mr,77.62,toys,Fivespan,718,11/2/2010
699,Mr,846.42,clothing,Layo,839,1/16/2013
700,Mr,586.32,home goods,Jaxbean,685,2/27/2019
701,Ms,687.82,clothing,Einti,59,8/6/2013
702,Honorable,899.65,home goods,Photospace,823,8/3/2018
703,Mrs,865.27,clothing,Tagopia,895,1/8/2013
704,Mrs,916.87,electronics,Dabjam,360,5/28/2021
705,Mrs,927.51,toys,Geba,865,7/18/2011
706,Mr,780.04,toys,Skalith,493,11/15/2016
707,Ms,312.25,beauty,Skiba,38,6/2/2020
708,Mrs,51.27,toys,Eire,342,1/6/2016
709,Mr,148.96,clothing,Skimia,818,1/28/2010
710,Mrs,871.65,electronics,Skilith,533,10/10/2017
711,Rev,835.46,toys,Yata,441,12/12/2017
712,Honorable,795.11,home goods,Thoughtbridge,543,8/2/2020
713,Honorable,847.69,toys,Quaxo,631,11/20/2014
714,Dr,978.32,electronics,Realbridge,63,7/16/2010
715,Honorable,794.2,clothing,Youopia,132,11/25/2011
716,Ms,943.09,electronics,Ntag,699,7/20/2015
717,Dr,183.79,electronics,Wordify,949,11/13/2019
718,Rev,722.25,clothing,Innojam,725,4/19/2017
719,Mrs,768.65,beauty,Thoughtstorm,562,6/6/2015
720,Rev,543.51,toys,Browsedrive,121,3/11/2013
721,Honorable,906.22,electronics,Flashdog,897,4/11/2014
722,Rev,174.22,toys,Jayo,780,12/1/2012
723,Ms,335.99,toys,Meetz,335,7/28/2014
724,Mrs,585.53,toys,Tavu,946,5/16/2010
725,Dr,385.71,electronics,Wikibox,606,5/29/2018
726,Honorable,623.09,toys,Yacero,106,11/5/2013
727,Mr,311.95,home goods,Tagfeed,465,8/20/2014
728,Ms,717.76,electronics,Plambee,882,4/2/2015
729,Mr,931.89,electronics,Realcube,268,1/28/2014
730,Honorable,109.81,beauty,Linkbuzz,213,9/26/2011
731,Ms,368.58,beauty,Mymm,96,11/26/2014
732,Dr,817.01,electronics,Avamm,530,10/22/2013
733,Rev,849.98,clothing,Kwideo,165,2/7/2021
734,Mrs,616.82,toys,Chatterbridge,420,10/28/2020
735,Honorable,615.99,electronics,Aibox,327,10/20/2012
736,Honorable,998.7,beauty,Realblab,383,12/16/2016
737,Honorable,489.95,beauty,Realmix,482,2/7/2020
738,Ms,952.04,beauty,Plajo,426,9/6/2018
739,Ms,964.57,home goods,Kazio,729,10/3/2021
740,Ms,899.17,toys,Yakitri,839,4/6/2018
741,Rev,915.3,electronics,Zoomzone,771,10/3/2017
742,Honorable,556.41,electronics,Eayo,809,5/22/2020
743,Mrs,889.31,toys,LiveZ,379,5/8/2011
744,Dr,628.73,toys,Browsetype,131,12/27/2010
745,Rev,589.86,clothing,Muxo,88,8/22/2015
746,Rev,680.51,toys,Kwinu,956,10/19/2016
747,Mr,236.29,beauty,Rhycero,44,4/27/2021
748,Mrs,456.42,clothing,Brainverse,351,5/1/2012
749,Rev,219.14,clothing,Riffpedia,943,1/13/2017
750,Rev,448.85,clothing,Dabfeed,878,7/27/2021
751,Ms,398.12,electronics,Dabvine,265,10/30/2022
752,Ms,898.62,clothing,Thoughtbridge,985,5/25/2020
753,Honorable,132.43,clothing,Aimbu,685,10/15/2020
754,Honorable,283.99,electronics,Dabvine,940,12/22/2011
755,Honorable,837.52,home goods,Divavu,155,5/6/2018
756,Mrs,892.92,beauty,Tavu,142,11/26/2011
757,Dr,611.48,toys,Oozz,185,6/30/2010
758,Honorable,60.4,electronics,Eabox,927,7/31/2011
759,Mrs,381.77,beauty,Eamia,87,6/3/2015
760,Mr,960.41,electronics,Voomm,326,4/1/2015
761,Mrs,326.73,electronics,Jabbersphere,730,5/30/2012
762,Rev,523.96,toys,Kare,543,9/28/2022
763,Mr,963.98,clothing,Zoomcast,354,2/10/2010
764,Rev,871.01,home goods,Skipfire,443,3/10/2010
765,Mrs,855.8,electronics,Zava,505,10/10/2017
766,Mrs,989.56,beauty,Skyndu,518,11/16/2016
767,Dr,909.42,clothing,Centidel,795,2/12/2020
768,Dr,446.52,beauty,Tazzy,160,10/20/2020
769,Mrs,234.62,beauty,Skipfire,712,4/17/2012
770,Mr,818.01,toys,Skipfire,294,8/19/2019
771,Dr,795.83,electronics,Livetube,392,12/12/2016
772,Dr,184.98,beauty,Tagopia,83,2/15/2011
773,Rev,558.67,home goods,Jayo,232,1/20/2013
774,Rev,198.0,electronics,Eamia,608,7/21/2018
775,Mr,613.76,clothing,Katz,728,10/16/2019
776,Dr,421.24,clothing,Quatz,202,5/17/2020
777,Honorable,375.4,electronics,Dynazzy,586,1/18/2013
778,Mrs,516.03,toys,Dabjam,694,4/15/2012
779,Mr,159.79,beauty,Yotz,445,1/27/2010
780,Honorable,588.78,toys,Zoovu,163,1/15/2010
781,Rev,582.49,electronics,Babbleblab,987,11/11/2018
782,Ms,688.62,home goods,Devpulse,287,1/29/2017
783,Mrs,182.77,toys,Kazio,551,10/21/2018
784,Mr,920.18,beauty,Oyoba,154,9/22/2021
785,Dr,967.4,home goods,Quire,963,9/6/2019
786,Mrs,371.61,toys,Voomm,715,1/15/2015
787,Dr,969.53,beauty,Realpoint,682,4/18/2017
788,Mrs,579.65,home goods,Wikivu,488,4/20/2017
789,Ms,377.0,electronics,Oloo,954,2/25/2019
790,Dr,52.86,electronics,Camido,561,9/26/2016
791,Mr,592.96,toys,Dynava,449,9/22/2019
792,Ms,770.48,home goods,Voomm,741,8/26/2020
793,Mrs,58.5,beauty,Muxo,816,12/26/2014
794,Rev,183.38,clothing,Yacero,194,6/20/2022
795,Dr,14.17,clothing,Kaymbo,356,8/21/2011
796,Mr,781.92,electronics,Zoonder,29,7/26/2013
797,Dr,191.8,beauty,Eamia,553,3/12/2021
798,Mr,956.49,clothing,Zoonoodle,615,10/8/2021
799,Ms,274.5,electronics,Plajo,679,9/27/2020
800,Ms,22.86,clothing,Topicblab,328,3/1/2013
801,Mr,398.88,home goods,Quimba,119,8/3/2017
802,Mr,120.41,electronics,Yamia,729,9/6/2011
803,Dr,835.29,electronics,Ailane,79,11/19/2019
804,Rev,954.9,home goods,Cogibox,279,10/28/2019
805,Honorable,685.52,electronics,Youspan,790,12/17/2019
806,Ms,194.21,toys,Tagtune,600,7/17/2016
807,Mr,151.84,toys,Cogibox,213,9/18/2011
808,Dr,694.2,electronics,Divanoodle,551,6/13/2015
809,Mr,354.33,electronics,InnoZ,163,8/19/2020
810,Ms,854.42,electronics,Realfire,512,3/27/2013
811,Honorable,727.72,beauty,Thoughtsphere,395,2/9/2019
812,Rev,285.67,beauty,Chatterpoint,901,11/14/2012
813,Honorable,544.35,toys,Yakidoo,616,11/22/2021
814,Dr,908.22,home goods,Edgeify,531,5/25/2013
815,Honorable,779.57,toys,Thoughtstorm,137,9/5/2019
816,Honorable,473.24,beauty,Youspan,645,10/1/2020
817,Mrs,144.58,beauty,Vinder,549,1/13/2013
818,Honorable,754.91,clothing,Janyx,100,12/27/2013
819,Mrs,532.19,home goods,Camido,539,5/18/2011
820,Dr,461.92,home goods,Zava,166,9/25/2017
821,Ms,245.52,home goods,Tazz,135,1/29/2015
822,Rev,253.25,toys,Eidel,320,4/15/2020
823,Rev,96.75,beauty,Pixoboo,649,5/6/2012
824,Mrs,266.73,beauty,Voomm,562,4/22/2018
825,Rev,951.58,home goods,Edgewire,376,8/27/2015
826,Dr,141.37,clothing,Lajo,590,2/25/2015
827,Mr,787.63,toys,Thoughtworks,560,5/27/2011
828,Rev,130.67,toys,Youtags,733,8/18/2022
829,Honorable,114.38,clothing,Blogspan,317,9/1/2016
830,Mrs,481.31,home goods,Kanoodle,892,11/22/2013
831,Mrs,641.83,toys,Meetz,956,12/22/2013
832,Dr,634.14,toys,Yata,35,9/14/2015
833,Rev,888.02,beauty,Quire,201,8/6/2019
834,Rev,760.22,clothing,Yakijo,947,4/2/2010
835,Honorable,685.01,toys,Eazzy,668,3/25/2011
836,Rev,154.27,clothing,Vidoo,948,4/15/2017
837,Mr,240.98,toys,Realbuzz,434,9/16/2019
838,Dr,492.54,clothing,Topiclounge,718,8/10/2016
839,Mr,632.86,clothing,Edgepulse,527,1/15/2020
840,Mrs,280.93,home goods,Avamba,212,5/21/2012
841,Honorable,653.41,electronics,Wikizz,948,12/17/2016
842,Mr,803.35,electronics,Gabcube,666,1/27/2017
843,Honorable,306.12,clothing,Eire,911,10/14/2018
844,Mrs,851.89,home goods,JumpXS,57,11/21/2016
845,Rev,804.66,clothing,Youfeed,449,9/12/2019
846,Rev,2.9,beauty,Dabfeed,301,3/16/2017
847,Dr,982.88,toys,Babbleopia,299,11/23/2020
848,Mrs,31.35,clothing,Fanoodle,218,8/23/2021
849,Ms,859.32,beauty,Leenti,979,3/23/2013
850,Ms,441.69,electronics,Kwimbee,69,1/30/2017
851,Honorable,37.94,beauty,Flipopia,360,5/16/2013
852,Dr,329.41,electronics,Jamia,444,12/2/2022
853,Rev,711.24,clothing,Yakijo,533,1/12/2019
854,Mr,204.62,home goods,Browseblab,640,3/5/2016
855,Ms,62.24,home goods,Jazzy,203,5/3/2013
856,Mrs,413.24,home goods,Roomm,532,10/3/2013
857,Honorable,724.75,clothing,Edgetag,940,11/16/2019
858,Honorable,761.52,beauty,Tagpad,248,3/1/2016
859,Mr,25.02,clothing,Dynava,61,8/22/2013
860,Rev,814.63,home goods,Roombo,161,9/26/2011
861,Dr,450.58,toys,Skaboo,652,9/23/2021
862,Mr,762.39,clothing,Photojam,182,8/16/2014
863,Rev,683.85,electronics,Kimia,772,11/26/2016
864,Mrs,339.77,toys,Yakijo,413,6/26/2012
865,Dr,166.59,toys,Zoonder,172,2/10/2022
866,Mrs,485.36,home goods,Feedbug,276,7/8/2013
867,Mrs,136.54,toys,Mydo,746,6/13/2015
868,Rev,693.31,electronics,Wikido,394,2/13/2022
869,Ms,728.91,home goods,Innotype,724,3/12/2011
870,Dr,631.44,clothing,Voomm,31,2/20/2021
871,Honorable,423.8,clothing,Yacero,736,10/22/2010
872,Mrs,362.79,toys,Youfeed,761,10/19/2018
873,Mrs,225.39,toys,Thoughtworks,257,8/3/2022
874,Honorable,496.03,home goods,Jabberstorm,219,4/17/2019
875,Mr,160.56,toys,Digitube,421,5/14/2018
876,Dr,761.89,toys,Meeveo,434,4/2/2012
877,Dr,717.36,clothing,Oyoyo,889,3/26/2020
878,Mrs,868.55,clothing,Jabbertype,527,7/14/2020
879,Dr,649.66,beauty,Quimba,924,1/21/2014
880,Mrs,409.38,toys,Fatz,148,11/20/2021
881,Honorable,251.74,beauty,Photolist,156,10/1/2012
882,Rev,477.19,clothing,Quimba,928,11/22/2015
883,Rev,989.14,home goods,Kayveo,241,12/21/2022
884,Ms,532.23,beauty,Flashdog,841,4/26/2019
885,Honorable,710.59,clothing,Izio,102,4/27/2013
886,Mrs,195.28,beauty,Wordify,957,2/24/2015
887,Dr,22.92,home goods,Jabberbean,646,8/20/2022
888,Dr,177.19,beauty,Mudo,887,1/9/2015
889,Rev,897.43,electronics,Skinte,487,4/23/2016
890,Mr,212.93,toys,Rhynyx,251,1/31/2022
891,Mrs,308.34,toys,Eayo,48,5/3/2021
892,Rev,579.3,clothing,Tazzy,464,3/6/2016
893,Dr,851.59,home goods,Jetpulse,532,3/13/2019
894,Rev,478.46,clothing,Mita,686,1/3/2020
895,Rev,959.18,clothing,Kimia,710,2/4/2014
896,Mrs,616.97,electronics,Youopia,816,1/14/2018
897,Ms,206.54,toys,Gabtype,243,4/17/2020
898,Rev,513.84,electronics,Meemm,423,9/15/2015
899,Honorable,389.17,home goods,Eayo,449,12/17/2020
900,Honorable,712.28,toys,Jabbertype,315,11/6/2012
901,Rev,221.55,clothing,Skyndu,740,11/30/2020
902,Dr,205.8,electronics,Skibox,592,7/24/2019
903,Dr,477.47,toys,Photospace,291,11/3/2020
904,Mrs,386.75,home goods,Meetz,923,11/24/2017
905,Honorable,17.26,electronics,Twinte,715,1/20/2017
906,Honorable,48.78,home goods,Topiczoom,507,7/29/2014
907,Honorable,488.25,electronics,Vidoo,877,1/8/2018
908,Honorable,75.25,home goods,Meedoo,257,5/18/2011
909,Honorable,970.11,home goods,Brainsphere,15,2/25/2020
910,Mrs,464.71,electronics,Gabtune,612,8/17/2018
911,Ms,89.5,clothing,Voonder,675,3/13/2016
912,Mr,397.19,toys,Layo,91,2/19/2017
913,Dr,984.87,electronics,Jaxnation,952,2/24/2022
914,Mr,695.64,electronics,Oyoba,18,12/16/2019
915,Honorable,230.07,beauty,Voonder,742,10/8/2020
916,Rev,190.52,toys,Aivee,508,1/3/2013
917,Mr,359.27,toys,Dablist,150,8/25/2012
918,Ms,527.13,beauty,Photolist,733,1/22/2021
919,Rev,310.3,clothing,Brainbox,897,3/6/2011
920,Mrs,406.78,toys,Podcat,768,4/25/2016
921,Mr,159.2,clothing,Topiclounge,877,9/19/2011
922,Mrs,520.42,home goods,Riffwire,674,11/16/2017
923,Mrs,396.38,electronics,Realbridge,515,3/10/2010
924,Dr,933.09,clothing,Fliptune,55,11/7/2019
925,Ms,702.13,home goods,Nlounge,690,2/27/2019
926,Mr,520.11,electronics,Photobug,700,9/16/2018
927,Honorable,389.03,clothing,Lazz,103,12/18/2013
928,Mr,338.27,beauty,Vitz,138,4/7/2012
929,Mr,360.98,clothing,Wordpedia,405,4/25/2012
930,Mrs,112.23,home goods,Quaxo,751,10/7/2013
931,Mrs,725.24,clothing,Miboo,564,9/24/2022
932,Dr,548.84,clothing,Photobug,127,6/28/2012
933,Ms,136.53,electronics,Gabvine,93,12/16/2014
934,Dr,734.29,home goods,Edgetag,339,6/24/2015
935,Dr,490.45,home goods,Photofeed,360,8/30/2014
936,Rev,179.76,beauty,Mymm,931,9/8/2011
937,Ms,949.59,toys,Kaymbo,235,1/12/2018
938,Mrs,996.78,beauty,Quaxo,518,5/4/2016
939,Dr,229.6,beauty,Feedspan,723,3/28/2010
940,Dr,908.75,beauty,Vidoo,306,12/23/2020
941,Rev,947.26,home goods,Eire,218,3/22/2012
942,Dr,36.74,home goods,Livefish,992,5/23/2016
943,Honorable,429.17,electronics,Kayveo,764,6/19/2019
944,Rev,760.13,toys,Katz,306,4/14/2020
945,Ms,50.55,beauty,Wikizz,895,3/27/2018
946,Mr,710.36,electronics,Katz,754,7/31/2011
947,Ms,346.72,home goods,Fiveclub,860,5/21/2012
948,Mrs,221.12,toys,Thoughtbeat,583,3/15/2018
949,Dr,801.16,toys,Yakijo,743,10/17/2016
950,Rev,461.37,clothing,Lazz,682,12/25/2012
951,Dr,197.43,clothing,Realpoint,160,8/7/2020
952,Ms,281.5,electronics,Zoonoodle,616,9/30/2017
953,Mr,380.63,beauty,Flipopia,879,10/17/2019
954,Dr,648.71,beauty,Realblab,858,2/28/2011
955,Rev,131.31,home goods,Zooxo,588,3/10/2012
956,Mrs,651.44,beauty,Quire,13,1/27/2017
957,Dr,286.29,home goods,Omba,358,2/16/2010
958,Ms,328.75,toys,Tavu,929,10/22/2019
959,Dr,189.47,toys,Devify,147,12/31/2010
960,Dr,45.96,clothing,Voomm,27,10/8/2020
961,Dr,656.77,toys,Kayveo,117,7/6/2017
962,Ms,784.35,home goods,Roombo,914,9/2/2017
963,Dr,957.77,home goods,Blogtag,511,4/2/2016
964,Mr,427.11,toys,Photojam,14,12/26/2011
965,Rev,985.34,clothing,Tagchat,773,7/27/2016
966,Ms,407.88,home goods,Feedfire,94,5/16/2020
967,Honorable,649.53,electronics,Oloo,860,2/6/2021
968,Mrs,279.14,beauty,Jazzy,350,5/21/2014
969,Dr,657.28,home goods,Yacero,936,5/6/2010
970,Mr,856.92,clothing,Tazz,501,4/21/2017
971,Mr,825.42,toys,Jabberstorm,562,12/30/2017
972,Mrs,573.45,electronics,Flashdog,481,1/24/2015
973,Ms,720.45,clothing,Edgepulse,917,7/21/2017
974,Honorable,92.51,clothing,Rhycero,717,1/25/2010
975,Rev,604.19,home goods,Skippad,24,6/11/2017
976,Honorable,305.77,beauty,Feednation,232,8/1/2014
977,Mrs,472.69,beauty,Skinte,997,7/3/2017
978,Ms,678.42,clothing,Meemm,838,1/31/2015
979,Ms,997.01,home goods,Thoughtmix,680,8/4/2010
980,Ms,363.75,toys,Trudeo,187,8/21/2019
981,Ms,499.66,toys,Jabbersphere,506,9/30/2020
982,Mr,750.56,beauty,Fivespan,780,10/7/2020
983,Mrs,571.08,toys,Twimbo,182,11/28/2019
984,Ms,646.47,toys,Tagtune,594,10/25/2011
985,Rev,59.17,home goods,BlogXS,268,10/8/2020
986,Mr,843.29,home goods,Leenti,252,2/10/2014
987,Honorable,962.98,clothing,Eabox,929,11/30/2013
988,Ms,226.7,electronics,Voolia,145,2/12/2012
989,Honorable,641.54,beauty,Ooba,486,1/7/2011
990,Mrs,117.95,electronics,Brainbox,383,6/1/2019
991,Rev,546.5,beauty,Skyvu,511,11/12/2014
992,Mr,316.53,home goods,Babbleset,475,12/15/2014
993,Mr,397.61,clothing,Skinte,497,5/4/2019
994,Dr,322.06,toys,Fatz,581,6/18/2017
995,Rev,484.44,home goods,Plajo,603,5/11/2012
996,Ms,90.38,electronics,Skimia,896,6/14/2022
997,Dr,947.69,electronics,Thoughtstorm,531,1/14/2020
998,Mr,671.08,electronics,Brainverse,468,5/17/2012
999,Ms,479.57,electronics,Oba,766,5/25/2014
1000,Dr,819.83,toys,InnoZ,259,9/6/2021
